{"cameraMode":{"drawMode":0,"name":"Shaded","section":"Shading Mode"},"sceneLighting":true,"audioPlay":false,"sceneViewState":{"m_AlwaysRefresh":false,"showFog":true,"showSkybox":false,"showFlares":true,"showImageEffects":true,"showParticleSystems":true,"showVisualEffectGraphs":true,"m_FxEnabled":true},"in2DMode":false,"pivot":{"x":-7.822605133056641,"y":16.934429168701173,"z":60.856788635253909},"rotation":{"x":0.018385669216513635,"y":-0.4828305244445801,"z":0.010144216008484364,"w":0.8754746317863464},"size":30.153837203979493,"orthographic":false}